name,slug,description,assets,facets,optionGroups,optionValues,taxCategory,trackInventory,sku,price,stockOnHand,variantAssets,variantFacets
Nutella Banana Crepe,nutella-banana-crepe,,chips.jpg,main:sweet-classic-crepes|sweet-classic-crepes:classic-nutella-crepes,branch,mount-lavinia,Zero,,MOUA1,720,30,,
,,,,,branch,maharagama,Zero,,MAHA1,720,30,,
,,,,,branch,kollupitiya,Zero,,KOLA1,720,30,,
,,,,,branch,bambalapitiya,Zero,,BAMA1,720,30,,
,,,,,branch,one-galle-face,Zero,,OGFA1,720,30,,
Nutella Strawberry Crepe,nutella-strawberry-crepe,,chips.jpg,main:sweet-classic-crepes|sweet-classic-crepes:classic-nutella-crepes,branch,mount-lavinia,Zero,,MOUA2,850,30,,
,,,,,branch,maharagama,Zero,,MAHA2,850,30,,
,,,,,branch,kollupitiya,Zero,,KOLA2,850,30,,
,,,,,branch,bambalapitiya,Zero,,BAMA2,850,30,,
,,,,,branch,one-galle-face,Zero,,OGFA2,850,30,,
Nutella Cornflakes Crepe,nutella-cornflakes-crepe,,chips.jpg,main:sweet-classic-crepes|sweet-classic-crepes:classic-nutella-crepes,branch,mount-lavinia,Zero,,MOUA3,720,30,,
,,,,,branch,maharagama,Zero,,MAHA3,720,30,,
,,,,,branch,kollupitiya,Zero,,KOLA3,720,30,,
,,,,,branch,bambalapitiya,Zero,,BAMA3,720,30,,
,,,,,branch,one-galle-face,Zero,,OGFA3,720,30,,
Nutella Marshmallows Crepe,nutella-marshmallows-crepe,,chips.jpg,main:sweet-classic-crepes|sweet-classic-crepes:classic-nutella-crepes,branch,mount-lavinia,Zero,,MOUA4,700,30,,
,,,,,branch,maharagama,Zero,,MAHA4,700,30,,
,,,,,branch,kollupitiya,Zero,,KOLA4,700,30,,
,,,,,branch,bambalapitiya,Zero,,BAMA4,700,30,,
,,,,,branch,one-galle-face,Zero,,OGFA4,700,30,,
Nutella Peanut Butter Crepe,nutella-peanut-butter-crepe,,chips.jpg,main:sweet-classic-crepes|sweet-classic-crepes:classic-nutella-crepes,branch,mount-lavinia,Zero,,MOUA5,810,30,,
,,,,,branch,maharagama,Zero,,MAHA5,810,30,,
,,,,,branch,kollupitiya,Zero,,KOLA5,810,30,,
,,,,,branch,bambalapitiya,Zero,,BAMA5,810,30,,
,,,,,branch,one-galle-face,Zero,,OGFA5,810,30,,
Nutella Coconut Crepe,nutella-coconut-crepe,,chips.jpg,main:sweet-classic-crepes|sweet-classic-crepes:classic-nutella-crepes,branch,mount-lavinia,Zero,,MOUA6,690,30,,
,,,,,branch,maharagama,Zero,,MAHA6,690,30,,
,,,,,branch,kollupitiya,Zero,,KOLA6,690,30,,
,,,,,branch,bambalapitiya,Zero,,BAMA6,690,30,,
,,,,,branch,one-galle-face,Zero,,OGFA6,690,30,,
Nutella Cadbury Choc Force Crepe,nutella-cadbury-choc-force-crepe,,chips.jpg,main:sweet-classic-crepes|sweet-classic-crepes:classic-nutella-crepes,branch,mount-lavinia,Zero,,MOUA7,910,30,,
,,,,,branch,maharagama,Zero,,MAHA7,910,30,,
,,,,,branch,kollupitiya,Zero,,KOLA7,910,30,,
,,,,,branch,bambalapitiya,Zero,,BAMA7,910,30,,
,,,,,branch,one-galle-face,Zero,,OGFA7,910,30,,
Nutella Snickers Choc Force Crepe,nutella-snickers-choc-force-crepe,Snickers + Peanut Butter,chips.jpg,main:sweet-classic-crepes|sweet-classic-crepes:classic-nutella-crepes,branch,mount-lavinia,Zero,,MOUA8,1040,30,,
,,,,,branch,maharagama,Zero,,MAHA8,1040,30,,
,,,,,branch,kollupitiya,Zero,,KOLA8,1040,30,,
,,,,,branch,bambalapitiya,Zero,,BAMA8,1040,30,,
,,,,,branch,one-galle-face,Zero,,OGFA8,1040,30,,
Nutella Strawberry Maniac Crepe,nutella-strawberry-maniac-crepe,Strawberry + Strawberry Cornflakes,chips.jpg,main:sweet-classic-crepes|sweet-classic-crepes:classic-nutella-crepes,branch,mount-lavinia,Zero,,MOUA9,910,30,,
,,,,,branch,maharagama,Zero,,MAHA9,910,30,,
,,,,,branch,kollupitiya,Zero,,KOLA9,910,30,,
,,,,,branch,bambalapitiya,Zero,,BAMA9,910,30,,
,,,,,branch,one-galle-face,Zero,,OGFA9,910,30,,
Nutella Crunch Crepe,nutella-crunch-crepe,Almonds + Cashews + Walnuts,chips.jpg,main:sweet-classic-crepes|sweet-classic-crepes:classic-nutella-crepes,branch,mount-lavinia,Zero,,MOUA10,860,30,,
,,,,,branch,maharagama,Zero,,MAHA10,860,30,,
,,,,,branch,kollupitiya,Zero,,KOLA10,860,30,,
,,,,,branch,bambalapitiya,Zero,,BAMA10,860,30,,
,,,,,branch,one-galle-face,Zero,,OGFA10,860,30,,
Nutella Brownie Crepe,nutella-brownie-crepe,,chips.jpg,main:sweet-classic-crepes|sweet-classic-crepes:classic-nutella-crepes,branch,mount-lavinia,Zero,,MOUA11,1040,30,,
,,,,,branch,maharagama,Zero,,MAHA11,1040,30,,
,,,,,branch,kollupitiya,Zero,,KOLA11,1040,30,,
,,,,,branch,bambalapitiya,Zero,,BAMA11,1040,30,,
,,,,,branch,one-galle-face,Zero,,OGFA11,1040,30,,
Nutella Oreo Crepe,nutella-oreo-crepe,,chips.jpg,main:sweet-classic-crepes|sweet-classic-crepes:classic-nutella-crepes,branch,mount-lavinia,Zero,,MOUA12,840,30,,
,,,,,branch,maharagama,Zero,,MAHA12,840,30,,
,,,,,branch,kollupitiya,Zero,,KOLA12,840,30,,
,,,,,branch,bambalapitiya,Zero,,BAMA12,840,30,,
,,,,,branch,one-galle-face,Zero,,OGFA12,840,30,,
Nutella Kitkat Crepe,nutella-kitkat-crepe,,chips.jpg,main:sweet-classic-crepes|sweet-classic-crepes:classic-nutella-crepes,branch,mount-lavinia,Zero,,MOUA13,890,30,,
,,,,,branch,maharagama,Zero,,MAHA13,890,30,,
,,,,,branch,kollupitiya,Zero,,KOLA13,890,30,,
,,,,,branch,bambalapitiya,Zero,,BAMA13,890,30,,
,,,,,branch,one-galle-face,Zero,,OGFA13,890,30,,
Nutella Kinder Bueno Crepe,nutella-kinder-bueno-crepe,,chips.jpg,main:sweet-classic-crepes|sweet-classic-crepes:classic-nutella-crepes,branch,mount-lavinia,Zero,,MOUA14,1140,30,,
,,,,,branch,maharagama,Zero,,MAHA14,1140,30,,
,,,,,branch,kollupitiya,Zero,,KOLA14,1140,30,,
,,,,,branch,bambalapitiya,Zero,,BAMA14,1140,30,,
,,,,,branch,one-galle-face,Zero,,OGFA14,1140,30,,
Nutella Base Spread Only Crepe,nutella-base-spread-only-crepe,,chips.jpg,main:sweet-classic-crepes|sweet-classic-crepes:classic-nutella-crepes,branch,mount-lavinia,Zero,,MOUA15,750,30,,
,,,,,branch,maharagama,Zero,,MAHA15,750,30,,
,,,,,branch,kollupitiya,Zero,,KOLA15,750,30,,
,,,,,branch,bambalapitiya,Zero,,BAMA15,750,30,,
,,,,,branch,one-galle-face,Zero,,OGFA15,750,30,,
Milk Choc Banana Crepe,milk-choc-banana-crepe,,chips.jpg,main:sweet-classic-crepes|sweet-classic-crepes:classic-milk-choc-crepes,branch,mount-lavinia,Zero,,MOUB1,530,30,,
,,,,,branch,maharagama,Zero,,MAHB1,530,30,,
,,,,,branch,kollupitiya,Zero,,KOLB1,530,30,,
,,,,,branch,bambalapitiya,Zero,,BAMB1,530,30,,
,,,,,branch,one-galle-face,Zero,,OGFB1,530,30,,
Milk Choc Strawberry Crepe,milk-choc-strawberry-crepe,,chips.jpg,main:sweet-classic-crepes|sweet-classic-crepes:classic-milk-choc-crepes,branch,mount-lavinia,Zero,,MOUB2,650,30,,
,,,,,branch,maharagama,Zero,,MAHB2,650,30,,
,,,,,branch,kollupitiya,Zero,,KOLB2,650,30,,
,,,,,branch,bambalapitiya,Zero,,BAMB2,650,30,,
,,,,,branch,one-galle-face,Zero,,OGFB2,650,30,,
Milk Choc Cornflakes Crepe,milk-choc-cornflakes-crepe,,chips.jpg,main:sweet-classic-crepes|sweet-classic-crepes:classic-milk-choc-crepes,branch,mount-lavinia,Zero,,MOUB3,530,30,,
,,,,,branch,maharagama,Zero,,MAHB3,530,30,,
,,,,,branch,kollupitiya,Zero,,KOLB3,530,30,,
,,,,,branch,bambalapitiya,Zero,,BAMB3,530,30,,
,,,,,branch,one-galle-face,Zero,,OGFB3,530,30,,
Milk Choc Marshmallows Crepe,milk-choc-marshmallows-crepe,,chips.jpg,main:sweet-classic-crepes|sweet-classic-crepes:classic-milk-choc-crepes,branch,mount-lavinia,Zero,,MOUB4,510,30,,
,,,,,branch,maharagama,Zero,,MAHB4,510,30,,
,,,,,branch,kollupitiya,Zero,,KOLB4,510,30,,
,,,,,branch,bambalapitiya,Zero,,BAMB4,510,30,,
,,,,,branch,one-galle-face,Zero,,OGFB4,510,30,,
Milk Choc Peanut Butter Crepe,milk-choc-peanut-butter-crepe,,chips.jpg,main:sweet-classic-crepes|sweet-classic-crepes:classic-milk-choc-crepes,branch,mount-lavinia,Zero,,MOUB5,620,30,,
,,,,,branch,maharagama,Zero,,MAHB5,620,30,,
,,,,,branch,kollupitiya,Zero,,KOLB5,620,30,,
,,,,,branch,bambalapitiya,Zero,,BAMB5,620,30,,
,,,,,branch,one-galle-face,Zero,,OGFB5,620,30,,
Milk Choc Coconut Crepe,milk-choc-coconut-crepe,,chips.jpg,main:sweet-classic-crepes|sweet-classic-crepes:classic-milk-choc-crepes,branch,mount-lavinia,Zero,,MOUB6,500,30,,
,,,,,branch,maharagama,Zero,,MAHB6,500,30,,
,,,,,branch,kollupitiya,Zero,,KOLB6,500,30,,
,,,,,branch,bambalapitiya,Zero,,BAMB6,500,30,,
,,,,,branch,one-galle-face,Zero,,OGFB6,500,30,,
Milk Choc Cadbury Choc Force Crepe,milk-choc-cadbury-choc-force-crepe,,chips.jpg,main:sweet-classic-crepes|sweet-classic-crepes:classic-milk-choc-crepes,branch,mount-lavinia,Zero,,MOUB7,700,30,,
,,,,,branch,maharagama,Zero,,MAHB7,700,30,,
,,,,,branch,kollupitiya,Zero,,KOLB7,700,30,,
,,,,,branch,bambalapitiya,Zero,,BAMB7,700,30,,
,,,,,branch,one-galle-face,Zero,,OGFB7,700,30,,
Milk Choc Snickers Choc Force Crepe,milk-choc-snickers-choc-force-crepe,Snickers + Peanut Butter,chips.jpg,main:sweet-classic-crepes|sweet-classic-crepes:classic-milk-choc-crepes,branch,mount-lavinia,Zero,,MOUB8,810,30,,
,,,,,branch,maharagama,Zero,,MAHB8,810,30,,
,,,,,branch,kollupitiya,Zero,,KOLB8,810,30,,
,,,,,branch,bambalapitiya,Zero,,BAMB8,810,30,,
,,,,,branch,one-galle-face,Zero,,OGFB8,810,30,,
Milk Choc Strawberry Maniac Crepe,milk-choc-strawberry-maniac-crepe,Strawberry + Strawberry Cornflakes,chips.jpg,main:sweet-classic-crepes|sweet-classic-crepes:classic-milk-choc-crepes,branch,mount-lavinia,Zero,,MOUB9,700,30,,
,,,,,branch,maharagama,Zero,,MAHB9,700,30,,
,,,,,branch,kollupitiya,Zero,,KOLB9,700,30,,
,,,,,branch,bambalapitiya,Zero,,BAMB9,700,30,,
,,,,,branch,one-galle-face,Zero,,OGFB9,700,30,,
Milk Choc Crunch Crepe,milk-choc-crunch-crepe,Almonds + Cashews + Walnuts,chips.jpg,main:sweet-classic-crepes|sweet-classic-crepes:classic-milk-choc-crepes,branch,mount-lavinia,Zero,,MOUB10,660,30,,
,,,,,branch,maharagama,Zero,,MAHB10,660,30,,
,,,,,branch,kollupitiya,Zero,,KOLB10,660,30,,
,,,,,branch,bambalapitiya,Zero,,BAMB10,660,30,,
,,,,,branch,one-galle-face,Zero,,OGFB10,660,30,,
Milk Choc Brownie Crepe,milk-choc-brownie-crepe,,chips.jpg,main:sweet-classic-crepes|sweet-classic-crepes:classic-milk-choc-crepes,branch,mount-lavinia,Zero,,MOUB11,810,30,,
,,,,,branch,maharagama,Zero,,MAHB11,810,30,,
,,,,,branch,kollupitiya,Zero,,KOLB11,810,30,,
,,,,,branch,bambalapitiya,Zero,,BAMB11,810,30,,
,,,,,branch,one-galle-face,Zero,,OGFB11,810,30,,
Milk Choc Oreo Crepe,milk-choc-oreo-crepe,,chips.jpg,main:sweet-classic-crepes|sweet-classic-crepes:classic-milk-choc-crepes,branch,mount-lavinia,Zero,,MOUB12,640,30,,
,,,,,branch,maharagama,Zero,,MAHB12,640,30,,
,,,,,branch,kollupitiya,Zero,,KOLB12,640,30,,
,,,,,branch,bambalapitiya,Zero,,BAMB12,640,30,,
,,,,,branch,one-galle-face,Zero,,OGFB12,640,30,,
Milk Choc Kitkat Crepe,milk-choc-kitkat-crepe,,chips.jpg,main:sweet-classic-crepes|sweet-classic-crepes:classic-milk-choc-crepes,branch,mount-lavinia,Zero,,MOUB13,680,30,,
,,,,,branch,maharagama,Zero,,MAHB13,680,30,,
,,,,,branch,kollupitiya,Zero,,KOLB13,680,30,,
,,,,,branch,bambalapitiya,Zero,,BAMB13,680,30,,
,,,,,branch,one-galle-face,Zero,,OGFB13,680,30,,
Milk Choc Kinder Bueno Crepe,milk-choc-kinder-bueno-crepe,,chips.jpg,main:sweet-classic-crepes|sweet-classic-crepes:classic-milk-choc-crepes,branch,mount-lavinia,Zero,,MOUB14,900,30,,
,,,,,branch,maharagama,Zero,,MAHB14,900,30,,
,,,,,branch,kollupitiya,Zero,,KOLB14,900,30,,
,,,,,branch,bambalapitiya,Zero,,BAMB14,900,30,,
,,,,,branch,one-galle-face,Zero,,OGFB14,900,30,,
Milk Choc Base Spread Only Crepe,milk-choc-base-spread-only-crepe,,chips.jpg,main:sweet-classic-crepes|sweet-classic-crepes:classic-milk-choc-crepes,branch,mount-lavinia,Zero,,MOUB15,560,30,,
,,,,,branch,maharagama,Zero,,MAHB15,560,30,,
,,,,,branch,kollupitiya,Zero,,KOLB15,560,30,,
,,,,,branch,bambalapitiya,Zero,,BAMB15,560,30,,
,,,,,branch,one-galle-face,Zero,,OGFB15,560,30,,
White Choc Banana Crepe,white-choc-banana-crepe,,chips.jpg,main:sweet-classic-crepes|sweet-classic-crepes:classic-white-choc-crepes,branch,mount-lavinia,Zero,,MOUC1,560,30,,
,,,,,branch,maharagama,Zero,,MAHC1,560,30,,
,,,,,branch,kollupitiya,Zero,,KOLC1,560,30,,
,,,,,branch,bambalapitiya,Zero,,BAMC1,560,30,,
,,,,,branch,one-galle-face,Zero,,OGFC1,560,30,,
White Choc Strawberry Crepe,white-choc-strawberry-crepe,,chips.jpg,main:sweet-classic-crepes|sweet-classic-crepes:classic-white-choc-crepes,branch,mount-lavinia,Zero,,MOUC2,680,30,,
,,,,,branch,maharagama,Zero,,MAHC2,680,30,,
,,,,,branch,kollupitiya,Zero,,KOLC2,680,30,,
,,,,,branch,bambalapitiya,Zero,,BAMC2,680,30,,
,,,,,branch,one-galle-face,Zero,,OGFC2,680,30,,
White Choc Cornflakes Crepe,white-choc-cornflakes-crepe,,chips.jpg,main:sweet-classic-crepes|sweet-classic-crepes:classic-white-choc-crepes,branch,mount-lavinia,Zero,,MOUC3,560,30,,
,,,,,branch,maharagama,Zero,,MAHC3,560,30,,
,,,,,branch,kollupitiya,Zero,,KOLC3,560,30,,
,,,,,branch,bambalapitiya,Zero,,BAMC3,560,30,,
,,,,,branch,one-galle-face,Zero,,OGFC3,560,30,,
White Choc Marshmallows Crepe,white-choc-marshmallows-crepe,,chips.jpg,main:sweet-classic-crepes|sweet-classic-crepes:classic-white-choc-crepes,branch,mount-lavinia,Zero,,MOUC4,540,30,,
,,,,,branch,maharagama,Zero,,MAHC4,540,30,,
,,,,,branch,kollupitiya,Zero,,KOLC4,540,30,,
,,,,,branch,bambalapitiya,Zero,,BAMC4,540,30,,
,,,,,branch,one-galle-face,Zero,,OGFC4,540,30,,
White Choc Peanut Butter Crepe,white-choc-peanut-butter-crepe,,chips.jpg,main:sweet-classic-crepes|sweet-classic-crepes:classic-white-choc-crepes,branch,mount-lavinia,Zero,,MOUC5,650,30,,
,,,,,branch,maharagama,Zero,,MAHC5,650,30,,
,,,,,branch,kollupitiya,Zero,,KOLC5,650,30,,
,,,,,branch,bambalapitiya,Zero,,BAMC5,650,30,,
,,,,,branch,one-galle-face,Zero,,OGFC5,650,30,,
White Choc Coconut Crepe,white-choc-coconut-crepe,,chips.jpg,main:sweet-classic-crepes|sweet-classic-crepes:classic-white-choc-crepes,branch,mount-lavinia,Zero,,MOUC6,530,30,,
,,,,,branch,maharagama,Zero,,MAHC6,530,30,,
,,,,,branch,kollupitiya,Zero,,KOLC6,530,30,,
,,,,,branch,bambalapitiya,Zero,,BAMC6,530,30,,
,,,,,branch,one-galle-face,Zero,,OGFC6,530,30,,
White Choc Cadbury Choc Force Crepe,white-choc-cadbury-choc-force-crepe,,chips.jpg,main:sweet-classic-crepes|sweet-classic-crepes:classic-white-choc-crepes,branch,mount-lavinia,Zero,,MOUC7,730,30,,
,,,,,branch,maharagama,Zero,,MAHC7,730,30,,
,,,,,branch,kollupitiya,Zero,,KOLC7,730,30,,
,,,,,branch,bambalapitiya,Zero,,BAMC7,730,30,,
,,,,,branch,one-galle-face,Zero,,OGFC7,730,30,,
White Choc Snickers Choc Force Crepe,white-choc-snickers-choc-force-crepe,Snickers + Peanut Butter,chips.jpg,main:sweet-classic-crepes|sweet-classic-crepes:classic-white-choc-crepes,branch,mount-lavinia,Zero,,MOUC8,840,30,,
,,,,,branch,maharagama,Zero,,MAHC8,840,30,,
,,,,,branch,kollupitiya,Zero,,KOLC8,840,30,,
,,,,,branch,bambalapitiya,Zero,,BAMC8,840,30,,
,,,,,branch,one-galle-face,Zero,,OGFC8,840,30,,
White Choc Strawberry Maniac Crepe,white-choc-strawberry-maniac-crepe,Strawberry + Strawberry Cornflakes,chips.jpg,main:sweet-classic-crepes|sweet-classic-crepes:classic-white-choc-crepes,branch,mount-lavinia,Zero,,MOUC9,730,30,,
,,,,,branch,maharagama,Zero,,MAHC9,730,30,,
,,,,,branch,kollupitiya,Zero,,KOLC9,730,30,,
,,,,,branch,bambalapitiya,Zero,,BAMC9,730,30,,
,,,,,branch,one-galle-face,Zero,,OGFC9,730,30,,
White Choc Crunch Crepe,white-choc-crunch-crepe,Almonds + Cashews + Walnuts,chips.jpg,main:sweet-classic-crepes|sweet-classic-crepes:classic-white-choc-crepes,branch,mount-lavinia,Zero,,MOUC10,690,30,,
,,,,,branch,maharagama,Zero,,MAHC10,690,30,,
,,,,,branch,kollupitiya,Zero,,KOLC10,690,30,,
,,,,,branch,bambalapitiya,Zero,,BAMC10,690,30,,
,,,,,branch,one-galle-face,Zero,,OGFC10,690,30,,
White Choc Brownie Crepe,white-choc-brownie-crepe,,chips.jpg,main:sweet-classic-crepes|sweet-classic-crepes:classic-white-choc-crepes,branch,mount-lavinia,Zero,,MOUC11,840,30,,
,,,,,branch,maharagama,Zero,,MAHC11,840,30,,
,,,,,branch,kollupitiya,Zero,,KOLC11,840,30,,
,,,,,branch,bambalapitiya,Zero,,BAMC11,840,30,,
,,,,,branch,one-galle-face,Zero,,OGFC11,840,30,,
White Choc Oreo Crepe,white-choc-oreo-crepe,,chips.jpg,main:sweet-classic-crepes|sweet-classic-crepes:classic-white-choc-crepes,branch,mount-lavinia,Zero,,MOUC12,670,30,,
,,,,,branch,maharagama,Zero,,MAHC12,670,30,,
,,,,,branch,kollupitiya,Zero,,KOLC12,670,30,,
,,,,,branch,bambalapitiya,Zero,,BAMC12,670,30,,
,,,,,branch,one-galle-face,Zero,,OGFC12,670,30,,
White Choc Kitkat Crepe,white-choc-kitkat-crepe,,chips.jpg,main:sweet-classic-crepes|sweet-classic-crepes:classic-white-choc-crepes,branch,mount-lavinia,Zero,,MOUC13,710,30,,
,,,,,branch,maharagama,Zero,,MAHC13,710,30,,
,,,,,branch,kollupitiya,Zero,,KOLC13,710,30,,
,,,,,branch,bambalapitiya,Zero,,BAMC13,710,30,,
,,,,,branch,one-galle-face,Zero,,OGFC13,710,30,,
White Choc Kinder Bueno Crepe,white-choc-kinder-bueno-crepe,,chips.jpg,main:sweet-classic-crepes|sweet-classic-crepes:classic-white-choc-crepes,branch,mount-lavinia,Zero,,MOUC14,930,30,,
,,,,,branch,maharagama,Zero,,MAHC14,930,30,,
,,,,,branch,kollupitiya,Zero,,KOLC14,930,30,,
,,,,,branch,bambalapitiya,Zero,,BAMC14,930,30,,
,,,,,branch,one-galle-face,Zero,,OGFC14,930,30,,
White Choc Base Spread Only Crepe,white-choc-base-spread-only-crepe,,chips.jpg,main:sweet-classic-crepes|sweet-classic-crepes:classic-white-choc-crepes,branch,mount-lavinia,Zero,,MOUC15,590,30,,
,,,,,branch,maharagama,Zero,,MAHC15,590,30,,
,,,,,branch,kollupitiya,Zero,,KOLC15,590,30,,
,,,,,branch,bambalapitiya,Zero,,BAMC15,590,30,,
,,,,,branch,one-galle-face,Zero,,OGFC15,590,30,,
Nutella Kitkat Strawberry Crepe,nutella-kitkat-strawberry-crepe,,chips.jpg,main:sweet-combo-crepes|sweet-combo-crepes:combo-nutella-crepes,branch,mount-lavinia,Zero,,MOUD1,1040,30,,
,,,,,branch,maharagama,Zero,,MAHD1,1040,30,,
,,,,,branch,kollupitiya,Zero,,KOLD1,1040,30,,
,,,,,branch,bambalapitiya,Zero,,BAMD1,1040,30,,
,,,,,branch,one-galle-face,Zero,,OGFD1,1040,30,,
Nutella Strawberry Banana Crepe,nutella-strawberry-banana-crepe,,chips.jpg,main:sweet-combo-crepes|sweet-combo-crepes:combo-nutella-crepes,branch,mount-lavinia,Zero,,MOUD2,910,30,,
,,,,,branch,maharagama,Zero,,MAHD2,910,30,,
,,,,,branch,kollupitiya,Zero,,KOLD2,910,30,,
,,,,,branch,bambalapitiya,Zero,,BAMD2,910,30,,
,,,,,branch,one-galle-face,Zero,,OGFD2,910,30,,
Nutella Kitkat Oreo Crepe,nutella-kitkat-oreo-crepe,,chips.jpg,main:sweet-combo-crepes|sweet-combo-crepes:combo-nutella-crepes,branch,mount-lavinia,Zero,,MOUD3,1030,30,,
,,,,,branch,maharagama,Zero,,MAHD3,1030,30,,
,,,,,branch,kollupitiya,Zero,,KOLD3,1030,30,,
,,,,,branch,bambalapitiya,Zero,,BAMD3,1030,30,,
,,,,,branch,one-galle-face,Zero,,OGFD3,1030,30,,
Nutella Strawberry Crunch Crepe,nutella-strawberry-crunch-crepe,Strawberry + Almonds + Cashews + Walnuts,chips.jpg,main:sweet-combo-crepes|sweet-combo-crepes:combo-nutella-crepes,branch,mount-lavinia,Zero,,MOUD4,1010,30,,
,,,,,branch,maharagama,Zero,,MAHD4,1010,30,,
,,,,,branch,kollupitiya,Zero,,KOLD4,1010,30,,
,,,,,branch,bambalapitiya,Zero,,BAMD4,1010,30,,
,,,,,branch,one-galle-face,Zero,,OGFD4,1010,30,,
Nutella Peanut Butter Banana Crepe,nutella-peanut-butter-banana-crepe,,chips.jpg,main:sweet-combo-crepes|sweet-combo-crepes:combo-nutella-crepes,branch,mount-lavinia,Zero,,MOUD5,880,30,,
,,,,,branch,maharagama,Zero,,MAHD5,880,30,,
,,,,,branch,kollupitiya,Zero,,KOLD5,880,30,,
,,,,,branch,bambalapitiya,Zero,,BAMD5,880,30,,
,,,,,branch,one-galle-face,Zero,,OGFD5,880,30,,
Nutella Cadbury Strawberry Crepe,nutella-cadbury-strawberry-crepe,,chips.jpg,main:sweet-combo-crepes|sweet-combo-crepes:combo-nutella-crepes,branch,mount-lavinia,Zero,,MOUD6,1060,30,,
,,,,,branch,maharagama,Zero,,MAHD6,1060,30,,
,,,,,branch,kollupitiya,Zero,,KOLD6,1060,30,,
,,,,,branch,bambalapitiya,Zero,,BAMD6,1060,30,,
,,,,,branch,one-galle-face,Zero,,OGFD6,1060,30,,
Nutella Brownie Cadbury Crepe,nutella-brownie-cadbury-crepe,,chips.jpg,main:sweet-combo-crepes|sweet-combo-crepes:combo-nutella-crepes,branch,mount-lavinia,Zero,,MOUD7,1250,30,,
,,,,,branch,maharagama,Zero,,MAHD7,1250,30,,
,,,,,branch,kollupitiya,Zero,,KOLD7,1250,30,,
,,,,,branch,bambalapitiya,Zero,,BAMD7,1250,30,,
,,,,,branch,one-galle-face,Zero,,OGFD7,1250,30,,
Nutella Kinder Bueno Strawberry Crepe,nutella-kinder-bueno-strawberry-crepe,,chips.jpg,main:sweet-combo-crepes|sweet-combo-crepes:combo-nutella-crepes,branch,mount-lavinia,Zero,,MOUD8,1280,30,,
,,,,,branch,maharagama,Zero,,MAHD8,1280,30,,
,,,,,branch,kollupitiya,Zero,,KOLD8,1280,30,,
,,,,,branch,bambalapitiya,Zero,,BAMD8,1280,30,,
,,,,,branch,one-galle-face,Zero,,OGFD8,1280,30,,
Nutella Brownie Strawberry Crepe,nutella-brownie-strawberry-crepe,,chips.jpg,main:sweet-combo-crepes|sweet-combo-crepes:combo-nutella-crepes,branch,mount-lavinia,Zero,,MOUD9,1190,30,,
,,,,,branch,maharagama,Zero,,MAHD9,1190,30,,
,,,,,branch,kollupitiya,Zero,,KOLD9,1190,30,,
,,,,,branch,bambalapitiya,Zero,,BAMD9,1190,30,,
,,,,,branch,one-galle-face,Zero,,OGFD9,1190,30,,
Nutella Brownie Kitkat Crepe,nutella-brownie-kitkat-crepe,,chips.jpg,main:sweet-combo-crepes|sweet-combo-crepes:combo-nutella-crepes,branch,mount-lavinia,Zero,,MOUD10,1230,30,,
,,,,,branch,maharagama,Zero,,MAHD10,1230,30,,
,,,,,branch,kollupitiya,Zero,,KOLD10,1230,30,,
,,,,,branch,bambalapitiya,Zero,,BAMD10,1230,30,,
,,,,,branch,one-galle-face,Zero,,OGFD10,1230,30,,
Nutella Banana Kitkat Crepe,nutella-banana-kitkat-crepe,,chips.jpg,main:sweet-combo-crepes|sweet-combo-crepes:combo-nutella-crepes,branch,mount-lavinia,Zero,,MOUD11,950,30,,
,,,,,branch,maharagama,Zero,,MAHD11,950,30,,
,,,,,branch,kollupitiya,Zero,,KOLD11,950,30,,
,,,,,branch,bambalapitiya,Zero,,BAMD11,950,30,,
,,,,,branch,one-galle-face,Zero,,OGFD11,950,30,,
Nutella Brownie Oreo Crepe,nutella-brownie-oreo-crepe,,chips.jpg,main:sweet-combo-crepes|sweet-combo-crepes:combo-nutella-crepes,branch,mount-lavinia,Zero,,MOUD12,1180,30,,
,,,,,branch,maharagama,Zero,,MAHD12,1180,30,,
,,,,,branch,kollupitiya,Zero,,KOLD12,1180,30,,
,,,,,branch,bambalapitiya,Zero,,BAMD12,1180,30,,
,,,,,branch,one-galle-face,Zero,,OGFD12,1180,30,,
Nutella Choco Blast Crepe,nutella-choco-blast-crepe,Cadbury + Kitkat + Kinder Bueno,chips.jpg,main:sweet-combo-crepes|sweet-combo-crepes:combo-nutella-crepes,branch,mount-lavinia,Zero,,MOUD13,1580,30,,
,,,,,branch,maharagama,Zero,,MAHD13,1580,30,,
,,,,,branch,kollupitiya,Zero,,KOLD13,1580,30,,
,,,,,branch,bambalapitiya,Zero,,BAMD13,1580,30,,
,,,,,branch,one-galle-face,Zero,,OGFD13,1580,30,,
Milk Choc Kitkat Strawberry Crepe,milk-choc-kitkat-strawberry-crepe,,chips.jpg,main:sweet-combo-crepes|sweet-combo-crepes:combo-milk-choc-crepes,branch,mount-lavinia,Zero,,MOUE1,750,30,,
,,,,,branch,maharagama,Zero,,MAHE1,750,30,,
,,,,,branch,kollupitiya,Zero,,KOLE1,750,30,,
,,,,,branch,bambalapitiya,Zero,,BAME1,750,30,,
,,,,,branch,one-galle-face,Zero,,OGFE1,750,30,,
Milk Choc Strawberry Banana Crepe,milk-choc-strawberry-banana-crepe,,chips.jpg,main:sweet-combo-crepes|sweet-combo-crepes:combo-milk-choc-crepes,branch,mount-lavinia,Zero,,MOUE2,720,30,,
,,,,,branch,maharagama,Zero,,MAHE2,720,30,,
,,,,,branch,kollupitiya,Zero,,KOLE2,720,30,,
,,,,,branch,bambalapitiya,Zero,,BAME2,720,30,,
,,,,,branch,one-galle-face,Zero,,OGFE2,720,30,,
Milk Choc Kitkat Oreo Crepe,milk-choc-kitkat-oreo-crepe,,chips.jpg,main:sweet-combo-crepes|sweet-combo-crepes:combo-milk-choc-crepes,branch,mount-lavinia,Zero,,MOUE3,760,30,,
,,,,,branch,maharagama,Zero,,MAHE3,760,30,,
,,,,,branch,kollupitiya,Zero,,KOLE3,760,30,,
,,,,,branch,bambalapitiya,Zero,,BAME3,760,30,,
,,,,,branch,one-galle-face,Zero,,OGFE3,760,30,,
Milk Choc Strawberry Crunch Crepe,milk-choc-strawberry-crunch-crepe,Strawberry + Almonds + Cashews + Walnuts,chips.jpg,main:sweet-combo-crepes|sweet-combo-crepes:combo-milk-choc-crepes,branch,mount-lavinia,Zero,,MOUE4,730,30,,
,,,,,branch,maharagama,Zero,,MAHE4,730,30,,
,,,,,branch,kollupitiya,Zero,,KOLE4,730,30,,
,,,,,branch,bambalapitiya,Zero,,BAME4,730,30,,
,,,,,branch,one-galle-face,Zero,,OGFE4,730,30,,
Milk Choc Peanut Butter Banana Crepe,milk-choc-peanut-butter-banana-crepe,,chips.jpg,main:sweet-combo-crepes|sweet-combo-crepes:combo-milk-choc-crepes,branch,mount-lavinia,Zero,,MOUE5,650,30,,
,,,,,branch,maharagama,Zero,,MAHE5,650,30,,
,,,,,branch,kollupitiya,Zero,,KOLE5,650,30,,
,,,,,branch,bambalapitiya,Zero,,BAME5,650,30,,
,,,,,branch,one-galle-face,Zero,,OGFE5,650,30,,
Milk Choc Cadbury Strawberry Crepe,milk-choc-cadbury-strawberry-crepe,,chips.jpg,main:sweet-combo-crepes|sweet-combo-crepes:combo-milk-choc-crepes,branch,mount-lavinia,Zero,,MOUE6,780,30,,
,,,,,branch,maharagama,Zero,,MAHE6,780,30,,
,,,,,branch,kollupitiya,Zero,,KOLE6,780,30,,
,,,,,branch,bambalapitiya,Zero,,BAME6,780,30,,
,,,,,branch,one-galle-face,Zero,,OGFE6,780,30,,
Milk Choc Brownie Cadbury Crepe,milk-choc-brownie-cadbury-crepe,,chips.jpg,main:sweet-combo-crepes|sweet-combo-crepes:combo-milk-choc-crepes,branch,mount-lavinia,Zero,,MOUE7,940,30,,
,,,,,branch,maharagama,Zero,,MAHE7,940,30,,
,,,,,branch,kollupitiya,Zero,,KOLE7,940,30,,
,,,,,branch,bambalapitiya,Zero,,BAME7,940,30,,
,,,,,branch,one-galle-face,Zero,,OGFE7,940,30,,
Milk Choc Kinder Bueno Strawberry Crepe,milk-choc-kinder-bueno-strawberry-crepe,,chips.jpg,main:sweet-combo-crepes|sweet-combo-crepes:combo-milk-choc-crepes,branch,mount-lavinia,Zero,,MOUE8,980,30,,
,,,,,branch,maharagama,Zero,,MAHE8,980,30,,
,,,,,branch,kollupitiya,Zero,,KOLE8,980,30,,
,,,,,branch,bambalapitiya,Zero,,BAME8,980,30,,
,,,,,branch,one-galle-face,Zero,,OGFE8,980,30,,
Milk Choc Brownie Strawberry Crepe,milk-choc-brownie-strawberry-crepe,,chips.jpg,main:sweet-combo-crepes|sweet-combo-crepes:combo-milk-choc-crepes,branch,mount-lavinia,Zero,,MOUE9,890,30,,
,,,,,branch,maharagama,Zero,,MAHE9,890,30,,
,,,,,branch,kollupitiya,Zero,,KOLE9,890,30,,
,,,,,branch,bambalapitiya,Zero,,BAME9,890,30,,
,,,,,branch,one-galle-face,Zero,,OGFE9,890,30,,
Milk Choc Brownie Kitkat Crepe,milk-choc-brownie-kitkat-crepe,,chips.jpg,main:sweet-combo-crepes|sweet-combo-crepes:combo-milk-choc-crepes,branch,mount-lavinia,Zero,,MOUE10,920,30,,
,,,,,branch,maharagama,Zero,,MAHE10,920,30,,
,,,,,branch,kollupitiya,Zero,,KOLE10,920,30,,
,,,,,branch,bambalapitiya,Zero,,BAME10,920,30,,
,,,,,branch,one-galle-face,Zero,,OGFE10,920,30,,
Milk Choc Banana Kitkat Crepe,milk-choc-banana-kitkat-crepe,,chips.jpg,main:sweet-combo-crepes|sweet-combo-crepes:combo-milk-choc-crepes,branch,mount-lavinia,Zero,,MOUE11,740,30,,
,,,,,branch,maharagama,Zero,,MAHE11,740,30,,
,,,,,branch,kollupitiya,Zero,,KOLE11,740,30,,
,,,,,branch,bambalapitiya,Zero,,BAME11,740,30,,
,,,,,branch,one-galle-face,Zero,,OGFE11,740,30,,
Milk Choc Brownie Oreo Crepe,milk-choc-brownie-oreo-crepe,,chips.jpg,main:sweet-combo-crepes|sweet-combo-crepes:combo-milk-choc-crepes,branch,mount-lavinia,Zero,,MOUE12,860,30,,
,,,,,branch,maharagama,Zero,,MAHE12,860,30,,
,,,,,branch,kollupitiya,Zero,,KOLE12,860,30,,
,,,,,branch,bambalapitiya,Zero,,BAME12,860,30,,
,,,,,branch,one-galle-face,Zero,,OGFE12,860,30,,
Milk Choc Choco Blast Crepe,milk-choc-choco-blast-crepe,Cadbury + Kitkat + Kinder Bueno,chips.jpg,main:sweet-combo-crepes|sweet-combo-crepes:combo-milk-choc-crepes,branch,mount-lavinia,Zero,,MOUE13,1230,30,,
,,,,,branch,maharagama,Zero,,MAHE13,1230,30,,
,,,,,branch,kollupitiya,Zero,,KOLE13,1230,30,,
,,,,,branch,bambalapitiya,Zero,,BAME13,1230,30,,
,,,,,branch,one-galle-face,Zero,,OGFE13,1230,30,,
White Choc Kitkat Strawberry Crepe,white-choc-kitkat-strawberry-crepe,,chips.jpg,main:sweet-combo-crepes|sweet-combo-crepes:combo-white-choc-crepes,branch,mount-lavinia,Zero,,MOUF1,780,30,,
,,,,,branch,maharagama,Zero,,MAHF1,780,30,,
,,,,,branch,kollupitiya,Zero,,KOLF1,780,30,,
,,,,,branch,bambalapitiya,Zero,,BAMF1,780,30,,
,,,,,branch,one-galle-face,Zero,,OGFF1,780,30,,
White Choc Strawberry Banana Crepe,white-choc-strawberry-banana-crepe,,chips.jpg,main:sweet-combo-crepes|sweet-combo-crepes:combo-white-choc-crepes,branch,mount-lavinia,Zero,,MOUF2,750,30,,
,,,,,branch,maharagama,Zero,,MAHF2,750,30,,
,,,,,branch,kollupitiya,Zero,,KOLF2,750,30,,
,,,,,branch,bambalapitiya,Zero,,BAMF2,750,30,,
,,,,,branch,one-galle-face,Zero,,OGFF2,750,30,,
White Choc Kitkat Oreo Crepe,white-choc-kitkat-oreo-crepe,,chips.jpg,main:sweet-combo-crepes|sweet-combo-crepes:combo-white-choc-crepes,branch,mount-lavinia,Zero,,MOUF3,790,30,,
,,,,,branch,maharagama,Zero,,MAHF3,790,30,,
,,,,,branch,kollupitiya,Zero,,KOLF3,790,30,,
,,,,,branch,bambalapitiya,Zero,,BAMF3,790,30,,
,,,,,branch,one-galle-face,Zero,,OGFF3,790,30,,
White Choc Strawberry Crunch Crepe,white-choc-strawberry-crunch-crepe,Strawberry + Almonds + Cashews + Walnuts,chips.jpg,main:sweet-combo-crepes|sweet-combo-crepes:combo-white-choc-crepes,branch,mount-lavinia,Zero,,MOUF4,760,30,,
,,,,,branch,maharagama,Zero,,MAHF4,760,30,,
,,,,,branch,kollupitiya,Zero,,KOLF4,760,30,,
,,,,,branch,bambalapitiya,Zero,,BAMF4,760,30,,
,,,,,branch,one-galle-face,Zero,,OGFF4,760,30,,
White Choc Peanut Butter Banana Crepe,white-choc-peanut-butter-banana-crepe,,chips.jpg,main:sweet-combo-crepes|sweet-combo-crepes:combo-white-choc-crepes,branch,mount-lavinia,Zero,,MOUF5,680,30,,
,,,,,branch,maharagama,Zero,,MAHF5,680,30,,
,,,,,branch,kollupitiya,Zero,,KOLF5,680,30,,
,,,,,branch,bambalapitiya,Zero,,BAMF5,680,30,,
,,,,,branch,one-galle-face,Zero,,OGFF5,680,30,,
White Choc Cadbury Strawberry Crepe,white-choc-cadbury-strawberry-crepe,,chips.jpg,main:sweet-combo-crepes|sweet-combo-crepes:combo-white-choc-crepes,branch,mount-lavinia,Zero,,MOUF6,810,30,,
,,,,,branch,maharagama,Zero,,MAHF6,810,30,,
,,,,,branch,kollupitiya,Zero,,KOLF6,810,30,,
,,,,,branch,bambalapitiya,Zero,,BAMF6,810,30,,
,,,,,branch,one-galle-face,Zero,,OGFF6,810,30,,
White Choc Brownie Cadbury Crepe,white-choc-brownie-cadbury-crepe,,chips.jpg,main:sweet-combo-crepes|sweet-combo-crepes:combo-white-choc-crepes,branch,mount-lavinia,Zero,,MOUF7,970,30,,
,,,,,branch,maharagama,Zero,,MAHF7,970,30,,
,,,,,branch,kollupitiya,Zero,,KOLF7,970,30,,
,,,,,branch,bambalapitiya,Zero,,BAMF7,970,30,,
,,,,,branch,one-galle-face,Zero,,OGFF7,970,30,,
White Choc Kinder Bueno Strawberry Crepe,white-choc-kinder-bueno-strawberry-crepe,,chips.jpg,main:sweet-combo-crepes|sweet-combo-crepes:combo-white-choc-crepes,branch,mount-lavinia,Zero,,MOUF8,1010,30,,
,,,,,branch,maharagama,Zero,,MAHF8,1010,30,,
,,,,,branch,kollupitiya,Zero,,KOLF8,1010,30,,
,,,,,branch,bambalapitiya,Zero,,BAMF8,1010,30,,
,,,,,branch,one-galle-face,Zero,,OGFF8,1010,30,,
White Choc Brownie Strawberry Crepe,white-choc-brownie-strawberry-crepe,,chips.jpg,main:sweet-combo-crepes|sweet-combo-crepes:combo-white-choc-crepes,branch,mount-lavinia,Zero,,MOUF9,920,30,,
,,,,,branch,maharagama,Zero,,MAHF9,920,30,,
,,,,,branch,kollupitiya,Zero,,KOLF9,920,30,,
,,,,,branch,bambalapitiya,Zero,,BAMF9,920,30,,
,,,,,branch,one-galle-face,Zero,,OGFF9,920,30,,
White Choc Brownie Kitkat Crepe,white-choc-brownie-kitkat-crepe,,chips.jpg,main:sweet-combo-crepes|sweet-combo-crepes:combo-white-choc-crepes,branch,mount-lavinia,Zero,,MOUF10,950,30,,
,,,,,branch,maharagama,Zero,,MAHF10,950,30,,
,,,,,branch,kollupitiya,Zero,,KOLF10,950,30,,
,,,,,branch,bambalapitiya,Zero,,BAMF10,950,30,,
,,,,,branch,one-galle-face,Zero,,OGFF10,950,30,,
White Choc Banana Kitkat Crepe,white-choc-banana-kitkat-crepe,,chips.jpg,main:sweet-combo-crepes|sweet-combo-crepes:combo-white-choc-crepes,branch,mount-lavinia,Zero,,MOUF11,770,30,,
,,,,,branch,maharagama,Zero,,MAHF11,770,30,,
,,,,,branch,kollupitiya,Zero,,KOLF11,770,30,,
,,,,,branch,bambalapitiya,Zero,,BAMF11,770,30,,
,,,,,branch,one-galle-face,Zero,,OGFF11,770,30,,
White Choc Brownie Oreo Crepe,white-choc-brownie-oreo-crepe,,chips.jpg,main:sweet-combo-crepes|sweet-combo-crepes:combo-white-choc-crepes,branch,mount-lavinia,Zero,,MOUF12,890,30,,
,,,,,branch,maharagama,Zero,,MAHF12,890,30,,
,,,,,branch,kollupitiya,Zero,,KOLF12,890,30,,
,,,,,branch,bambalapitiya,Zero,,BAMF12,890,30,,
,,,,,branch,one-galle-face,Zero,,OGFF12,890,30,,
White Choc Choco Blast Crepe,white-choc-choco-blast-crepe,Cadbury + Kitkat + Kinder Bueno,chips.jpg,main:sweet-combo-crepes|sweet-combo-crepes:combo-white-choc-crepes,branch,mount-lavinia,Zero,,MOUF13,1260,30,,
,,,,,branch,maharagama,Zero,,MAHF13,1260,30,,
,,,,,branch,kollupitiya,Zero,,KOLF13,1260,30,,
,,,,,branch,bambalapitiya,Zero,,BAMF13,1260,30,,
,,,,,branch,one-galle-face,Zero,,OGFF13,1260,30,,
Runner Beef Steak Crepe,runner-beef-steak-crepe,Beef Steak + Cheese + Herbs,chips.jpg,main:savory-crepes,branch,mount-lavinia,Zero,,MOUG1,930,30,,
,,,,,branch,maharagama,Zero,,MAHG1,930,30,,
,,,,,branch,kollupitiya,Zero,,KOLG1,930,30,,
,,,,,branch,bambalapitiya,Zero,,BAMG1,930,30,,
,,,,,branch,one-galle-face,Zero,,OGFG1,930,30,,
Chicken Slayer Crepe,chicken-slayer-crepe,Chicken + Cheese + Herbs,chips.jpg,main:savory-crepes,branch,mount-lavinia,Zero,,MOUG2,850,30,,
,,,,,branch,maharagama,Zero,,MAHG2,850,30,,
,,,,,branch,kollupitiya,Zero,,KOLG2,850,30,,
,,,,,branch,bambalapitiya,Zero,,BAMG2,850,30,,
,,,,,branch,one-galle-face,Zero,,OGFG2,850,30,,
Cheese Fantasy Crepe,cheese-fantasy-crepe,Triple Cheese Slices + Herbs,chips.jpg,main:savory-crepes,branch,mount-lavinia,Zero,,MOUG3,620,30,,
,,,,,branch,maharagama,Zero,,MAHG3,620,30,,
,,,,,branch,kollupitiya,Zero,,KOLG3,620,30,,
,,,,,branch,bambalapitiya,Zero,,BAMG3,620,30,,
,,,,,branch,one-galle-face,Zero,,OGFG3,620,30,,
Minced Beef Crepe,minced-beef-crepe,Minced Beef + Cheese + Herbs,chips.jpg,main:savory-crepes,branch,mount-lavinia,Zero,,MOUG4,830,30,,
,,,,,branch,kollupitiya,Zero,,KOLG4,830,30,,
,,,,,branch,bambalapitiya,Zero,,BAMG4,830,30,,
,,,,,branch,one-galle-face,Zero,,OGFG4,830,30,,
Minced Chicken Crepe,minced-chicken-crepe,Minced Chicken + Cheese + Herbs,chips.jpg,main:savory-crepes,branch,mount-lavinia,Zero,,MOUG5,800,30,,
,,,,,branch,kollupitiya,Zero,,KOLG5,800,30,,
,,,,,branch,bambalapitiya,Zero,,BAMG5,800,30,,
,,,,,branch,one-galle-face,Zero,,OGFG5,800,30,,
Sausage Delight Crepe,sausage-delight-crepe,Sausages + Cheese + Herbs,chips.jpg,main:savory-crepes,branch,mount-lavinia,Zero,,MOUG6,640,30,,
,,,,,branch,kollupitiya,Zero,,KOLG6,640,30,,
,,,,,branch,bambalapitiya,Zero,,BAMG6,640,30,,
,,,,,branch,one-galle-face,Zero,,OGFG6,640,30,,
Stuffed Beef Crepe,stuffed-beef-crepe,Beef Steak + Minced Beef + Cheese + Chips + Herbs,chips.jpg,main:savory-crepes,branch,bambalapitiya,Zero,,BAMG7,1350,30,,
Stuffed Chicken Crepe,stuffed-chicken-crepe,Chicken + Minced Chicken + Cheese + Chips + Herbs,chips.jpg,main:savory-crepes,branch,bambalapitiya,Zero,,BAMG8,1150,30,,
Prawn/Isso Crepe,prawn-isso-crepe,Prawn + Cheese + Herbs,chips.jpg,main:savory-crepes,branch,bambalapitiya,Zero,,BAMG9,740,30,,
,,,,,branch,one-galle-face,Zero,,OGFG9,740,30,,
Beef Potato Chips,beef-potato-chips,Chips + Minced Beef + Cheese,chips.jpg,main:potato-chips,branch,bambalapitiya,Zero,,BAMH1,990,30,,
,,,,,branch,one-galle-face,Zero,,OGFH1,990,30,,
Chicken Potato Chips,chicken-potato-chips,Chips + Minced Chicken + Cheese,chips.jpg,main:potato-chips,branch,bambalapitiya,Zero,,BAMH2,960,30,,
,,,,,branch,one-galle-face,Zero,,OGFH2,960,30,,
Cheese Only Potato Chips,cheese-only-potato-chips,Chips + Cheese,chips.jpg,main:potato-chips,branch,bambalapitiya,Zero,,BAMH3,650,30,,
,,,,,branch,one-galle-face,Zero,,OGFH3,650,30,,
Espresso Shot,espresso-shot,,chips.jpg,main:hot-beverages,branch,kollupitiya,Zero,,KOLI1,380,30,,
,,,,,branch,bambalapitiya,Zero,,BAMI1,380,30,,
Cappuccino,cappuccino,,chips.jpg,main:hot-beverages,branch,kollupitiya,Zero,,KOLI2,490,30,,
,,,,,branch,bambalapitiya,Zero,,BAMI2,490,30,,
Flat White,flat-white,,chips.jpg,main:hot-beverages,branch,kollupitiya,Zero,,KOLI3,490,30,,
,,,,,branch,bambalapitiya,Zero,,BAMI3,490,30,,
Americano,americano,,chips.jpg,main:hot-beverages,branch,kollupitiya,Zero,,KOLI4,430,30,,
,,,,,branch,bambalapitiya,Zero,,BAMI4,430,30,,
Café Mocha,cafe-mocha,,chips.jpg,main:hot-beverages,branch,kollupitiya,Zero,,KOLI5,590,30,,
,,,,,branch,bambalapitiya,Zero,,BAMI5,590,30,,
Café Latte,cafe-latte,,chips.jpg,main:hot-beverages,branch,kollupitiya,Zero,,KOLI6,490,30,,
,,,,,branch,bambalapitiya,Zero,,BAMI6,490,30,,
Hot Chocolate,hot-chocolate,,chips.jpg,main:hot-beverages,branch,kollupitiya,Zero,,KOLI7,640,30,,
,,,,,branch,bambalapitiya,Zero,,BAMI7,640,30,,
Mango Milkshake,mango-milkshake,,chips.jpg,main:chill-beverages|chill-beverages:milkshakes,branch,mount-lavinia,Zero,,MOUJ1,530,30,,
,,,,,branch,kollupitiya,Zero,,KOLJ1,530,30,,
,,,,,branch,bambalapitiya,Zero,,BAMJ1,530,30,,
,,,,,branch,one-galle-face,Zero,,OGFJ1,530,30,,
Strawberry Milkshake,strawberry-milkshake,,chips.jpg,main:chill-beverages|chill-beverages:milkshakes,branch,mount-lavinia,Zero,,MOUJ2,650,30,,
,,,,,branch,maharagama,Zero,,MAHJ2,650,30,,
,,,,,branch,kollupitiya,Zero,,KOLJ2,650,30,,
,,,,,branch,bambalapitiya,Zero,,BAMJ2,650,30,,
,,,,,branch,one-galle-face,Zero,,OGFJ2,650,30,,
Chocolate Milkshake,chocolate-milkshake,,chips.jpg,main:chill-beverages|chill-beverages:milkshakes,branch,mount-lavinia,Zero,,MOUJ3,540,30,,
,,,,,branch,maharagama,Zero,,MAHJ3,540,30,,
,,,,,branch,kollupitiya,Zero,,KOLJ3,540,30,,
,,,,,branch,bambalapitiya,Zero,,BAMJ3,540,30,,
,,,,,branch,one-galle-face,Zero,,OGFJ3,540,30,,
Oreo Milkshake,oreo-milkshake,,chips.jpg,main:chill-beverages|chill-beverages:milkshakes,branch,mount-lavinia,Zero,,MOUJ4,690,30,,
,,,,,branch,maharagama,Zero,,MAHJ4,690,30,,
,,,,,branch,kollupitiya,Zero,,KOLJ4,690,30,,
,,,,,branch,bambalapitiya,Zero,,BAMJ4,690,30,,
,,,,,branch,one-galle-face,Zero,,OGFJ4,690,30,,
Nutella Milkshake,nutella-milkshake,,chips.jpg,main:chill-beverages|chill-beverages:milkshakes,branch,mount-lavinia,Zero,,MOUJ5,790,30,,
,,,,,branch,maharagama,Zero,,MAHJ5,790,30,,
,,,,,branch,kollupitiya,Zero,,KOLJ5,790,30,,
,,,,,branch,bambalapitiya,Zero,,BAMJ5,790,30,,
,,,,,branch,one-galle-face,Zero,,OGFJ5,790,30,,
Vanilla Crunch Milkshake,vanilla-crunch-milkshake,Almonds + Cashews + Walnuts,chips.jpg,main:chill-beverages|chill-beverages:milkshakes,branch,mount-lavinia,Zero,,MOUJ6,660,30,,
,,,,,branch,kollupitiya,Zero,,KOLJ6,660,30,,
,,,,,branch,bambalapitiya,Zero,,BAMJ6,660,30,,
,,,,,branch,one-galle-face,Zero,,OGFJ6,660,30,,
Brownie Milkshake,brownie-milkshake,,chips.jpg,main:chill-beverages|chill-beverages:milkshakes,branch,mount-lavinia,Zero,,MOUJ7,820,30,,
,,,,,branch,maharagama,Zero,,MAHJ7,820,30,,
,,,,,branch,kollupitiya,Zero,,KOLJ7,820,30,,
,,,,,branch,bambalapitiya,Zero,,BAMJ7,820,30,,
,,,,,branch,one-galle-face,Zero,,OGFJ7,820,30,,
Cadbury Milkshake,cadbury-milkshake,,chips.jpg,main:chill-beverages|chill-beverages:milkshakes,branch,mount-lavinia,Zero,,MOUJ8,790,30,,
,,,,,branch,maharagama,Zero,,MAHJ8,790,30,,
,,,,,branch,kollupitiya,Zero,,KOLJ8,790,30,,
,,,,,branch,bambalapitiya,Zero,,BAMJ8,790,30,,
,,,,,branch,one-galle-face,Zero,,OGFJ8,790,30,,
Milo Milkshake,milo-milkshake,,chips.jpg,main:chill-beverages|chill-beverages:milkshakes,branch,mount-lavinia,Zero,,MOUJ9,710,30,,
,,,,,branch,maharagama,Zero,,MAHJ9,710,30,,
,,,,,branch,kollupitiya,Zero,,KOLJ9,710,30,,
,,,,,branch,bambalapitiya,Zero,,BAMJ9,710,30,,
,,,,,branch,one-galle-face,Zero,,OGFJ9,710,30,,
Chocolate Crunch Milkshake,chocolate-crunch-milkshake,Almonds + Cashews + Walnuts,chips.jpg,main:chill-beverages|chill-beverages:milkshakes,branch,mount-lavinia,Zero,,MOUJ10,690,30,,
,,,,,branch,maharagama,Zero,,MAHJ10,690,30,,
,,,,,branch,kollupitiya,Zero,,KOLJ10,690,30,,
,,,,,branch,bambalapitiya,Zero,,BAMJ10,690,30,,
,,,,,branch,one-galle-face,Zero,,OGFJ10,690,30,,
Coffee Milkshake,coffee-milkshake,,chips.jpg,main:chill-beverages|chill-beverages:milkshakes,branch,mount-lavinia,Zero,,MOUJ11,500,30,,
,,,,,branch,kollupitiya,Zero,,KOLJ11,500,30,,
,,,,,branch,bambalapitiya,Zero,,BAMJ11,500,30,,
,,,,,branch,one-galle-face,Zero,,OGFJ11,500,30,,
Lime Mojito,lime-mojito,,chips.jpg,main:chill-beverages|chill-beverages:mojitos,branch,mount-lavinia,Zero,,MOUK1,450,30,,
,,,,,branch,maharagama,Zero,,MAHK1,450,30,,
,,,,,branch,kollupitiya,Zero,,KOLK1,450,30,,
,,,,,branch,bambalapitiya,Zero,,BAMK1,450,30,,
,,,,,branch,one-galle-face,Zero,,OGFK1,450,30,,
Passion Mojito,passion-mojito,,chips.jpg,main:chill-beverages|chill-beverages:mojitos,branch,mount-lavinia,Zero,,MOUK2,450,30,,
,,,,,branch,maharagama,Zero,,MAHK2,450,30,,
,,,,,branch,kollupitiya,Zero,,KOLK2,450,30,,
,,,,,branch,bambalapitiya,Zero,,BAMK2,450,30,,
,,,,,branch,one-galle-face,Zero,,OGFK2,450,30,,
Mango Mojito,mango-mojito,,chips.jpg,main:chill-beverages|chill-beverages:mojitos,branch,mount-lavinia,Zero,,MOUK3,450,30,,
,,,,,branch,maharagama,Zero,,MAHK3,450,30,,
,,,,,branch,kollupitiya,Zero,,KOLK3,450,30,,
,,,,,branch,bambalapitiya,Zero,,BAMK3,450,30,,
,,,,,branch,one-galle-face,Zero,,OGFK3,450,30,,
Strawberry Mojito,strawberry-mojito,,chips.jpg,main:chill-beverages|chill-beverages:mojitos,branch,mount-lavinia,Zero,,MOUK4,590,30,,
,,,,,branch,maharagama,Zero,,MAHK4,590,30,,
,,,,,branch,kollupitiya,Zero,,KOLK4,590,30,,
,,,,,branch,bambalapitiya,Zero,,BAMK4,590,30,,
,,,,,branch,one-galle-face,Zero,,OGFK4,590,30,,
Apple Mojito,apple-mojito,,chips.jpg,main:chill-beverages|chill-beverages:mojitos,branch,mount-lavinia,Zero,,MOUK5,590,30,,
,,,,,branch,maharagama,Zero,,MAHK5,590,30,,
,,,,,branch,kollupitiya,Zero,,KOLK5,590,30,,
,,,,,branch,bambalapitiya,Zero,,BAMK5,590,30,,
,,,,,branch,one-galle-face,Zero,,OGFK5,590,30,,
Blackcurrant Mojito,blackcurrant-mojito,,chips.jpg,main:chill-beverages|chill-beverages:mojitos,branch,mount-lavinia,Zero,,MOUK6,590,30,,
,,,,,branch,maharagama,Zero,,MAHK6,590,30,,
,,,,,branch,kollupitiya,Zero,,KOLK6,590,30,,
,,,,,branch,bambalapitiya,Zero,,BAMK6,590,30,,
,,,,,branch,one-galle-face,Zero,,OGFK6,590,30,,
Passion Redbull Mojito,passion-redbull-mojito,,chips.jpg,main:chill-beverages|chill-beverages:mojitos,branch,mount-lavinia,Zero,,MOUK7,1280,30,,
,,,,,branch,maharagama,Zero,,MAHK7,1280,30,,
,,,,,branch,kollupitiya,Zero,,KOLK7,1280,30,,
,,,,,branch,bambalapitiya,Zero,,BAMK7,1280,30,,
,,,,,branch,one-galle-face,Zero,,OGFK7,1280,30,,
Apple Redbull Mojito,apple-redbull-mojito,,chips.jpg,main:chill-beverages|chill-beverages:mojitos,branch,mount-lavinia,Zero,,MOUK8,1260,30,,
,,,,,branch,maharagama,Zero,,MAHK8,1260,30,,
,,,,,branch,kollupitiya,Zero,,KOLK8,1260,30,,
,,,,,branch,bambalapitiya,Zero,,BAMK8,1260,30,,
,,,,,branch,one-galle-face,Zero,,OGFK8,1260,30,,
Strawberry Redbull Mojito,strawberry-redbull-mojito,,chips.jpg,main:chill-beverages|chill-beverages:mojitos,branch,mount-lavinia,Zero,,MOUK9,1410,30,,
,,,,,branch,maharagama,Zero,,MAHK9,1410,30,,
,,,,,branch,kollupitiya,Zero,,KOLK9,1410,30,,
,,,,,branch,bambalapitiya,Zero,,BAMK9,1410,30,,
,,,,,branch,one-galle-face,Zero,,OGFK9,1410,30,,
Lime Redbull Mojito,lime-redbull-mojito,,chips.jpg,main:chill-beverages|chill-beverages:mojitos,branch,mount-lavinia,Zero,,MOUK10,1320,30,,
,,,,,branch,maharagama,Zero,,MAHK10,1320,30,,
,,,,,branch,kollupitiya,Zero,,KOLK10,1320,30,,
,,,,,branch,bambalapitiya,Zero,,BAMK10,1320,30,,
,,,,,branch,one-galle-face,Zero,,OGFK10,1320,30,,